titulo,preco,rating,genero,disponibilidade,estoque,url
It's Only the Himalayas,45.17,2,Travel,In stock,1,its-only-the-himalayas_981/index.html
Full Moon over Noahâs Ark: An Odyssey to Mount Ararat and Beyond,49.43,4,Travel,In stock,1,full-moon-over-noahs-ark-an-odyssey-to-mount-ararat-and-beyond_811/index.html
See America: A Celebration of Our National Parks & Treasured Sites,48.87,3,Travel,In stock,1,see-america-a-celebration-of-our-national-parks-treasured-sites_732/index.html
Vagabonding: An Uncommon Guide to the Art of Long-Term World Travel,36.94,2,Travel,In stock,1,vagabonding-an-uncommon-guide-to-the-art-of-long-term-world-travel_552/index.html
Under the Tuscan Sun,37.33,3,Travel,In stock,1,under-the-tuscan-sun_504/index.html
A Summer In Europe,44.34,2,Travel,In stock,1,a-summer-in-europe_458/index.html
The Great Railway Bazaar,30.54,1,Travel,In stock,1,the-great-railway-bazaar_446/index.html
A Year in Provence (Provence #1),56.88,4,Travel,In stock,1,a-year-in-provence-provence-1_421/index.html
The Road to Little Dribbling: Adventures of an American in Britain (Notes From a Small Island #2),23.21,1,Travel,In stock,1,the-road-to-little-dribbling-adventures-of-an-american-in-britain-notes-from-a-small-island-2_277/index.html
Neither Here nor There: Travels in Europe,38.95,3,Travel,In stock,1,neither-here-nor-there-travels-in-europe_198/index.html
"1,000 Places to See Before You Die",26.08,5,Travel,In stock,1,1000-places-to-see-before-you-die_1/index.html
Sharp Objects,47.82,4,Mystery,In stock,1,sharp-objects_997/index.html
"In a Dark, Dark Wood",19.63,1,Mystery,In stock,1,in-a-dark-dark-wood_963/index.html
The Past Never Ends,56.5,4,Mystery,In stock,1,the-past-never-ends_942/index.html
A Murder in Time,16.64,1,Mystery,In stock,1,a-murder-in-time_877/index.html
The Murder of Roger Ackroyd (Hercule Poirot #4),44.1,4,Mystery,In stock,1,the-murder-of-roger-ackroyd-hercule-poirot-4_852/index.html
The Last Mile (Amos Decker #2),54.21,2,Mystery,In stock,1,the-last-mile-amos-decker-2_754/index.html
That Darkness (Gardiner and Renner #1),13.92,1,Mystery,In stock,1,that-darkness-gardiner-and-renner-1_743/index.html
Tastes Like Fear (DI Marnie Rome #3),10.69,1,Mystery,In stock,1,tastes-like-fear-di-marnie-rome-3_742/index.html
A Time of Torment (Charlie Parker #14),48.35,5,Mystery,In stock,1,a-time-of-torment-charlie-parker-14_657/index.html
A Study in Scarlet (Sherlock Holmes #1),16.73,2,Mystery,In stock,1,a-study-in-scarlet-sherlock-holmes-1_656/index.html
Poisonous (Max Revere Novels #3),26.8,3,Mystery,In stock,1,poisonous-max-revere-novels-3_627/index.html
Murder at the 42nd Street Library (Raymond Ambler #1),54.36,4,Mystery,In stock,1,murder-at-the-42nd-street-library-raymond-ambler-1_624/index.html
Most Wanted,35.28,3,Mystery,In stock,1,most-wanted_623/index.html
Hide Away (Eve Duncan #20),11.84,1,Mystery,In stock,1,hide-away-eve-duncan-20_620/index.html
Boar Island (Anna Pigeon #19),59.48,3,Mystery,In stock,1,boar-island-anna-pigeon-19_613/index.html
The Widow,27.26,2,Mystery,In stock,1,the-widow_609/index.html
Playing with Fire,13.71,3,Mystery,In stock,1,playing-with-fire_602/index.html
What Happened on Beale Street (Secrets of the South Mysteries #2),25.37,5,Mystery,In stock,1,what-happened-on-beale-street-secrets-of-the-south-mysteries-2_506/index.html
The Bachelor Girl's Guide to Murder (Herringford and Watts Mysteries #1),52.3,5,Mystery,In stock,1,the-bachelor-girls-guide-to-murder-herringford-and-watts-mysteries-1_491/index.html
Delivering the Truth (Quaker Midwife Mystery #1),20.89,4,Mystery,In stock,1,delivering-the-truth-quaker-midwife-mystery-1_464/index.html
The Mysterious Affair at Styles (Hercule Poirot #1),24.8,4,Mystery,In stock,1,the-mysterious-affair-at-styles-hercule-poirot-1_452/index.html
In the Woods (Dublin Murder Squad #1),38.38,2,Mystery,In stock,1,in-the-woods-dublin-murder-squad-1_433/index.html
The Silkworm (Cormoran Strike #2),23.05,5,Mystery,In stock,1,the-silkworm-cormoran-strike-2_280/index.html
The Exiled,43.45,3,Mystery,In stock,1,the-exiled_247/index.html
The Cuckoo's Calling (Cormoran Strike #1),19.21,1,Mystery,In stock,1,the-cuckoos-calling-cormoran-strike-1_239/index.html
Tipping the Velvet,53.74,1,Historical Fiction,In stock,1,tipping-the-velvet_999/index.html
Forever and Forever: The Courtship of Henry Longfellow and Fanny Appleton,29.69,3,Historical Fiction,In stock,1,forever-and-forever-the-courtship-of-henry-longfellow-and-fanny-appleton_894/index.html
A Flight of Arrows (The Pathfinders #2),55.53,5,Historical Fiction,In stock,1,a-flight-of-arrows-the-pathfinders-2_876/index.html
The House by the Lake,36.95,1,Historical Fiction,In stock,1,the-house-by-the-lake_846/index.html
Mrs. Houdini,30.25,5,Historical Fiction,In stock,1,mrs-houdini_821/index.html
The Marriage of Opposites,28.08,4,Historical Fiction,In stock,1,the-marriage-of-opposites_759/index.html
Glory over Everything: Beyond The Kitchen House,45.84,3,Historical Fiction,In stock,1,glory-over-everything-beyond-the-kitchen-house_696/index.html
"Love, Lies and Spies",20.55,2,Historical Fiction,In stock,1,love-lies-and-spies_622/index.html
A Paris Apartment,39.01,4,Historical Fiction,In stock,1,a-paris-apartment_612/index.html
Lilac Girls,17.28,2,Historical Fiction,In stock,1,lilac-girls_597/index.html
The Constant Princess (The Tudor Court #1),16.62,3,Historical Fiction,In stock,1,the-constant-princess-the-tudor-court-1_493/index.html
The Invention of Wings,37.34,1,Historical Fiction,In stock,1,the-invention-of-wings_448/index.html
World Without End (The Pillars of the Earth #2),32.97,4,Historical Fiction,In stock,1,world-without-end-the-pillars-of-the-earth-2_420/index.html
The Passion of Dolssa,28.32,5,Historical Fiction,In stock,1,the-passion-of-dolssa_351/index.html
Girl With a Pearl Earring,26.77,1,Historical Fiction,In stock,1,girl-with-a-pearl-earring_322/index.html
Voyager (Outlander #3),21.07,5,Historical Fiction,In stock,1,voyager-outlander-3_299/index.html
The Red Tent,35.66,5,Historical Fiction,In stock,1,the-red-tent_273/index.html
The Last Painting of Sara de Vos,55.55,2,Historical Fiction,In stock,1,the-last-painting-of-sara-de-vos_259/index.html
The Guernsey Literary and Potato Peel Pie Society,49.53,1,Historical Fiction,In stock,1,the-guernsey-literary-and-potato-peel-pie-society_253/index.html
Girl in the Blue Coat,46.83,2,Historical Fiction,In stock,1,girl-in-the-blue-coat_160/index.html
Between Shades of Gray,20.79,5,Historical Fiction,In stock,1,between-shades-of-gray_128/index.html
While You Were Mine,41.32,5,Historical Fiction,In stock,1,while-you-were-mine_97/index.html
The Secret Healer,34.56,3,Historical Fiction,In stock,1,the-secret-healer_80/index.html
Starlark,25.83,3,Historical Fiction,In stock,1,starlark_56/index.html
Lost Among the Living,27.7,4,Historical Fiction,In stock,1,lost-among-the-living_31/index.html
Scott Pilgrim's Precious Little Life (Scott Pilgrim #1),52.29,5,Sequential Art,In stock,1,scott-pilgrims-precious-little-life-scott-pilgrim-1_987/index.html
Tsubasa: WoRLD CHRoNiCLE 2 (Tsubasa WoRLD CHRoNiCLE #2),16.28,1,Sequential Art,In stock,1,tsubasa-world-chronicle-2-tsubasa-world-chronicle-2_949/index.html
This One Summer,19.49,4,Sequential Art,In stock,1,this-one-summer_947/index.html
The Nameless City (The Nameless City #1),38.16,4,Sequential Art,In stock,1,the-nameless-city-the-nameless-city-1_940/index.html
"Saga, Volume 5 (Saga (Collected Editions) #5)",51.04,2,Sequential Art,In stock,1,saga-volume-5-saga-collected-editions-5_923/index.html
"Rat Queens, Vol. 3: Demons (Rat Queens (Collected Editions) #11-15)",50.4,3,Sequential Art,In stock,1,rat-queens-vol-3-demons-rat-queens-collected-editions-11-15_921/index.html
"Princess Jellyfish 2-in-1 Omnibus, Vol. 01 (Princess Jellyfish 2-in-1 Omnibus #1)",13.61,5,Sequential Art,In stock,1,princess-jellyfish-2-in-1-omnibus-vol-01-princess-jellyfish-2-in-1-omnibus-1_920/index.html
"Pop Gun War, Volume 1: Gift",18.97,1,Sequential Art,In stock,1,pop-gun-war-volume-1-gift_918/index.html
Patience,10.16,3,Sequential Art,In stock,1,patience_916/index.html
"Outcast, Vol. 1: A Darkness Surrounds Him (Outcast #1)",15.44,4,Sequential Art,In stock,1,outcast-vol-1-a-darkness-surrounds-him-outcast-1_915/index.html
orange: The Complete Collection 1 (orange: The Complete Collection #1),48.41,1,Sequential Art,In stock,1,orange-the-complete-collection-1-orange-the-complete-collection-1_914/index.html
"Lumberjanes, Vol. 2: Friendship to the Max (Lumberjanes #5-8)",46.91,2,Sequential Art,In stock,1,lumberjanes-vol-2-friendship-to-the-max-lumberjanes-5-8_907/index.html
"Lumberjanes, Vol. 1: Beware the Kitten Holy (Lumberjanes #1-4)",45.61,3,Sequential Art,In stock,1,lumberjanes-vol-1-beware-the-kitten-holy-lumberjanes-1-4_906/index.html
Lumberjanes Vol. 3: A Terrible Plan (Lumberjanes #9-12),19.92,2,Sequential Art,In stock,1,lumberjanes-vol-3-a-terrible-plan-lumberjanes-9-12_905/index.html
"I Hate Fairyland, Vol. 1: Madly Ever After (I Hate Fairyland (Compilations) #1-5)",29.17,2,Sequential Art,In stock,1,i-hate-fairyland-vol-1-madly-ever-after-i-hate-fairyland-compilations-1-5_899/index.html
I am a Hero Omnibus Volume 1,54.63,3,Sequential Art,In stock,1,i-am-a-hero-omnibus-volume-1_898/index.html
"Giant Days, Vol. 2 (Giant Days #5-8)",22.11,2,Sequential Art,In stock,1,giant-days-vol-2-giant-days-5-8_895/index.html
Danganronpa Volume 1,51.99,4,Sequential Art,In stock,1,danganronpa-volume-1_889/index.html
"Codename Baboushka, Volume 1: The Conclave of Death",36.72,4,Sequential Art,In stock,1,codename-baboushka-volume-1-the-conclave-of-death_887/index.html
Camp Midnight,17.08,4,Sequential Art,In stock,1,camp-midnight_886/index.html
"Bitch Planet, Vol. 1: Extraordinary Machine (Bitch Planet (Collected Editions))",37.92,2,Sequential Art,In stock,1,bitch-planet-vol-1-extraordinary-machine-bitch-planet-collected-editions_882/index.html
The Shadow Hero (The Shadow Hero),33.14,1,Sequential Art,In stock,1,the-shadow-hero-the-shadow-hero_860/index.html
"Fables, Vol. 1: Legends in Exile (Fables #1)",41.62,4,Sequential Art,In stock,1,fables-vol-1-legends-in-exile-fables-1_806/index.html
Batman: The Long Halloween (Batman),36.5,2,Sequential Art,In stock,1,batman-the-long-halloween-batman_793/index.html
Batman: The Dark Knight Returns (Batman),15.38,5,Sequential Art,In stock,1,batman-the-dark-knight-returns-batman_792/index.html
The Secret Garden,15.08,4,Classics,In stock,1,the-secret-garden_413/index.html
The Metamorphosis,28.58,1,Classics,In stock,1,the-metamorphosis_409/index.html
The Pilgrim's Progress,50.26,2,Classics,In stock,1,the-pilgrims-progress_353/index.html
The Hound of the Baskervilles (Sherlock Holmes #5),14.82,2,Classics,In stock,1,the-hound-of-the-baskervilles-sherlock-holmes-5_348/index.html
Little Women (Little Women #1),28.07,4,Classics,In stock,1,little-women-little-women-1_331/index.html
Gone with the Wind,32.49,3,Classics,In stock,1,gone-with-the-wind_324/index.html
Candide,58.63,3,Classics,In stock,1,candide_316/index.html
Animal Farm,57.22,3,Classics,In stock,1,animal-farm_313/index.html
Wuthering Heights,17.73,3,Classics,In stock,1,wuthering-heights_307/index.html
The Picture of Dorian Gray,29.7,2,Classics,In stock,1,the-picture-of-dorian-gray_270/index.html
The Complete Stories and Poems (The Works of Edgar Allan Poe [Cameo Edition]),26.78,4,Classics,In stock,1,the-complete-stories-and-poems-the-works-of-edgar-allan-poe-cameo-edition_238/index.html
Beowulf,38.35,2,Classics,In stock,1,beowulf_126/index.html
And Then There Were None,35.01,2,Classics,In stock,1,and-then-there-were-none_119/index.html
The Story of Hong Gildong,43.19,4,Classics,In stock,1,the-story-of-hong-gildong_84/index.html
The Little Prince,45.42,2,Classics,In stock,1,the-little-prince_72/index.html
Sense and Sensibility,37.46,1,Classics,In stock,1,sense-and-sensibility_49/index.html
Of Mice and Men,47.11,2,Classics,In stock,1,of-mice-and-men_37/index.html
Emma,32.93,2,Classics,In stock,1,emma_17/index.html
Alice in Wonderland (Alice's Adventures in Wonderland #1),55.53,1,Classics,In stock,1,alice-in-wonderland-alices-adventures-in-wonderland-1_5/index.html
Sophie's World,15.94,5,Philosophy,In stock,1,sophies-world_966/index.html
The Death of Humanity: and the Case for Life,58.11,4,Philosophy,In stock,1,the-death-of-humanity-and-the-case-for-life_932/index.html
The Stranger,17.44,4,Philosophy,In stock,1,the-stranger_861/index.html
Proofs of God: Classical Arguments from Tertullian to Barth,54.21,1,Philosophy,In stock,1,proofs-of-god-classical-arguments-from-tertullian-to-barth_538/index.html
Kierkegaard: A Christian Missionary to Christians,47.13,1,Philosophy,In stock,1,kierkegaard-a-christian-missionary-to-christians_527/index.html
"At The Existentialist CafÃ©: Freedom, Being, and apricot cocktails with: Jean-Paul Sartre, Simone de Beauvoir, Albert Camus, Martin Heidegger, Edmund Husserl, Karl Jaspers, Maurice Merleau-Ponty and others",29.93,5,Philosophy,In stock,1,at-the-existentialist-cafe-freedom-being-and-apricot-cocktails-with-jean-paul-sartre-simone-de-beauvoir-albert-camus-martin-heidegger-edmund-husserl-karl-jaspers-maurice-merleau-ponty-and-others_459/index.html
Critique of Pure Reason,20.75,1,Philosophy,In stock,1,critique-of-pure-reason_366/index.html
"Run, Spot, Run: The Ethics of Keeping Pets",20.02,1,Philosophy,In stock,1,run-spot-run-the-ethics-of-keeping-pets_106/index.html
The Nicomachean Ethics,36.34,1,Philosophy,In stock,1,the-nicomachean-ethics_75/index.html
Meditations,25.89,2,Philosophy,In stock,1,meditations_33/index.html
Beyond Good and Evil,43.38,1,Philosophy,In stock,1,beyond-good-and-evil_6/index.html
Chase Me (Paris Nights #2),25.27,5,Romance,In stock,1,chase-me-paris-nights-2_977/index.html
Black Dust,34.53,5,Romance,In stock,1,black-dust_976/index.html
Her Backup Boyfriend (The Sorensen Family #1),33.97,1,Romance,In stock,1,her-backup-boyfriend-the-sorensen-family-1_896/index.html
First and First (Five Boroughs #3),15.97,4,Romance,In stock,1,first-and-first-five-boroughs-3_893/index.html
Fifty Shades Darker (Fifty Shades #2),21.96,1,Romance,In stock,1,fifty-shades-darker-fifty-shades-2_892/index.html
The Wedding Dress,24.12,1,Romance,In stock,1,the-wedding-dress_864/index.html
Suddenly in Love (Lake Haven #1),55.99,2,Romance,In stock,1,suddenly-in-love-lake-haven-1_835/index.html
Something More Than This,16.24,4,Romance,In stock,1,something-more-than-this_834/index.html
Doing It Over (Most Likely To #1),35.61,3,Romance,In stock,1,doing-it-over-most-likely-to-1_802/index.html
The Wedding Pact (The O'Malleys #2),32.61,3,Romance,In stock,1,the-wedding-pact-the-omalleys-2_767/index.html
Hold Your Breath (Search and Rescue #1),28.82,1,Romance,In stock,1,hold-your-breath-search-and-rescue-1_700/index.html
Dirty (Dive Bar #1),40.83,4,Romance,In stock,1,dirty-dive-bar-1_615/index.html
Take Me Home Tonight (Rock Star Romance #3),53.98,3,Romance,In stock,1,take-me-home-tonight-rock-star-romance-3_605/index.html
Off the Hook (Fishing for Trouble #1),47.67,3,Romance,In stock,1,off-the-hook-fishing-for-trouble-1_601/index.html
A Gentleman's Position (Society of Gentlemen #3),14.75,5,Romance,In stock,1,a-gentlemans-position-society-of-gentlemen-3_584/index.html
"Sit, Stay, Love",20.9,3,Romance,In stock,1,sit-stay-love_486/index.html
A Girl's Guide to Moving On (New Beginnings #2),31.3,1,Romance,In stock,1,a-girls-guide-to-moving-on-new-beginnings-2_359/index.html
The Perfect Play (Play by Play #1),59.99,3,Romance,In stock,1,the-perfect-play-play-by-play-1_352/index.html
Dark Lover (Black Dagger Brotherhood #1),12.87,1,Romance,In stock,1,dark-lover-black-dagger-brotherhood-1_319/index.html
Changing the Game (Play by Play #2),13.38,3,Romance,In stock,1,changing-the-game-play-by-play-2_317/index.html
A Walk to Remember,56.43,1,Romance,In stock,1,a-walk-to-remember_312/index.html
The Purest Hook (Second Circle Tattoos #3),12.25,1,Romance,In stock,1,the-purest-hook-second-circle-tattoos-3_271/index.html
The Obsession,45.43,1,Romance,In stock,1,the-obsession_268/index.html
Reservations for Two,11.1,3,Romance,In stock,1,reservations-for-two_211/index.html
Best of My Love (Fool's Gold #20),27.41,2,Romance,In stock,1,best-of-my-love-fools-gold-20_127/index.html
I Had a Nice Time And Other Lies...: How to find love & sh*t like that,57.36,4,Womens Fiction,In stock,1,i-had-a-nice-time-and-other-lies-how-to-find-love-sht-like-that_814/index.html
Will You Won't You Want Me?,13.86,3,Womens Fiction,In stock,1,will-you-wont-you-want-me_644/index.html
Keep Me Posted,20.46,4,Womens Fiction,In stock,1,keep-me-posted_594/index.html
Grey (Fifty Shades #4),48.49,4,Womens Fiction,In stock,1,grey-fifty-shades-4_592/index.html
Meternity,43.58,3,Womens Fiction,In stock,1,meternity_478/index.html
Some Women,13.73,5,Womens Fiction,In stock,1,some-women_341/index.html
Shopaholic Ties the Knot (Shopaholic #3),48.39,5,Womens Fiction,In stock,1,shopaholic-ties-the-knot-shopaholic-3_340/index.html
Can You Keep a Secret?,21.94,1,Womens Fiction,In stock,1,can-you-keep-a-secret_315/index.html
Twenties Girl,42.8,2,Womens Fiction,In stock,1,twenties-girl_292/index.html
The Undomestic Goddess,45.75,4,Womens Fiction,In stock,1,the-undomestic-goddess_286/index.html
The Nanny Diaries (Nanny #1),52.53,5,Womens Fiction,In stock,1,the-nanny-diaries-nanny-1_265/index.html
The Devil Wears Prada (The Devil Wears Prada #1),44.29,1,Womens Fiction,In stock,1,the-devil-wears-prada-the-devil-wears-prada-1_243/index.html
Something Borrowed (Darcy & Rachel #1),48.96,5,Womens Fiction,In stock,1,something-borrowed-darcy-rachel-1_224/index.html
Something Blue (Darcy & Rachel #2),54.62,1,Womens Fiction,In stock,1,something-blue-darcy-rachel-2_223/index.html
I've Got Your Number,19.69,1,Womens Fiction,In stock,1,ive-got-your-number_173/index.html
The Edge of Reason (Bridget Jones #2),19.18,4,Womens Fiction,In stock,1,the-edge-of-reason-bridget-jones-2_63/index.html
Bridget Jones's Diary (Bridget Jones #1),29.82,1,Womens Fiction,In stock,1,bridget-joness-diary-bridget-jones-1_10/index.html
Soumission,50.1,1,Fiction,In stock,1,soumission_998/index.html
Private Paris (Private #10),47.61,5,Fiction,In stock,1,private-paris-private-10_958/index.html
"We Love You, Charlie Freeman",50.27,5,Fiction,In stock,1,we-love-you-charlie-freeman_954/index.html
Thirst,17.27,5,Fiction,In stock,1,thirst_946/index.html
The Murder That Never Was (Forensic Instincts #5),54.11,3,Fiction,In stock,1,the-murder-that-never-was-forensic-instincts-5_939/index.html
Tuesday Nights in 1980,21.04,2,Fiction,In stock,1,tuesday-nights-in-1980_870/index.html
The Vacationers,42.15,4,Fiction,In stock,1,the-vacationers_863/index.html
The Regional Office Is Under Attack!,51.36,5,Fiction,In stock,1,the-regional-office-is-under-attack_858/index.html
Finders Keepers (Bill Hodges Trilogy #2),53.53,5,Fiction,In stock,1,finders-keepers-bill-hodges-trilogy-2_807/index.html
The Time Keeper,27.88,5,Fiction,In stock,1,the-time-keeper_766/index.html
The Testament of Mary,52.67,4,Fiction,In stock,1,the-testament-of-mary_765/index.html
The First Hostage (J.B. Collins #2),25.85,3,Fiction,In stock,1,the-first-hostage-jb-collins-2_749/index.html
Take Me with You,45.21,3,Fiction,In stock,1,take-me-with-you_741/index.html
Still Life with Bread Crumbs,26.41,3,Fiction,In stock,1,still-life-with-bread-crumbs_738/index.html
Shtum,55.84,4,Fiction,In stock,1,shtum_733/index.html
My Name Is Lucy Barton,41.56,1,Fiction,In stock,1,my-name-is-lucy-barton_720/index.html
My Mrs. Brown,24.48,3,Fiction,In stock,1,my-mrs-brown_719/index.html
Mr. Mercedes (Bill Hodges Trilogy #1),28.9,1,Fiction,In stock,1,mr-mercedes-bill-hodges-trilogy-1_717/index.html
I Am Pilgrim (Pilgrim #1),10.6,4,Fiction,In stock,1,i-am-pilgrim-pilgrim-1_703/index.html
Eligible (The Austen Project #4),27.09,3,Fiction,In stock,1,eligible-the-austen-project-4_692/index.html
Eight Hundred Grapes,14.39,4,Fiction,In stock,1,eight-hundred-grapes_690/index.html
Dear Mr. Knightley,11.21,5,Fiction,In stock,1,dear-mr-knightley_684/index.html
Cometh the Hour (The Clifton Chronicles #6),25.01,3,Fiction,In stock,1,cometh-the-hour-the-clifton-chronicles-6_681/index.html
Balloon Animals,17.03,3,Fiction,In stock,1,balloon-animals_665/index.html
A Man Called Ove,39.72,1,Fiction,In stock,1,a-man-called-ove_653/index.html
Birdsong: A Story in Pictures,54.64,3,Childrens,In stock,1,birdsong-a-story-in-pictures_975/index.html
The Bear and the Piano,36.89,1,Childrens,In stock,1,the-bear-and-the-piano_967/index.html
The Secret of Dreadwillow Carse,56.13,1,Childrens,In stock,1,the-secret-of-dreadwillow-carse_944/index.html
The White Cat and the Monk: A Retelling of the Poem âPangur BÃ¡nâ,58.08,4,Childrens,In stock,1,the-white-cat-and-the-monk-a-retelling-of-the-poem-pangur-ban_865/index.html
Little Red,13.47,3,Childrens,In stock,1,little-red_817/index.html
Walt Disney's Alice in Wonderland,12.96,5,Childrens,In stock,1,walt-disneys-alice-in-wonderland_777/index.html
Twenty Yawns,22.08,2,Childrens,In stock,1,twenty-yawns_773/index.html
Rain Fish,23.57,3,Childrens,In stock,1,rain-fish_728/index.html
Once Was a Time,18.28,2,Childrens,In stock,1,once-was-a-time_724/index.html
Luis Paints the World,53.95,3,Childrens,In stock,1,luis-paints-the-world_714/index.html
Nap-a-Roo,25.08,1,Childrens,In stock,1,nap-a-roo_567/index.html
The Whale,35.96,4,Childrens,In stock,1,the-whale_501/index.html
"Shrunken Treasures: Literary Classics, Short, Sweet, and Silly",52.87,3,Childrens,In stock,1,shrunken-treasures-literary-classics-short-sweet-and-silly_484/index.html
Raymie Nightingale,34.41,2,Childrens,In stock,1,raymie-nightingale_482/index.html
Playing from the Heart,32.38,1,Childrens,In stock,1,playing-from-the-heart_481/index.html
Maybe Something Beautiful: How Art Transformed a Neighborhood,22.54,1,Childrens,In stock,1,maybe-something-beautiful-how-art-transformed-a-neighborhood_386/index.html
The Wild Robot,56.07,3,Childrens,In stock,1,the-wild-robot_288/index.html
The Thing About Jellyfish,48.77,1,Childrens,In stock,1,the-thing-about-jellyfish_283/index.html
The Lonely Ones,43.59,5,Childrens,In stock,1,the-lonely-ones_261/index.html
The Day the Crayons Came Home (Crayons),26.33,5,Childrens,In stock,1,the-day-the-crayons-came-home-crayons_241/index.html
The Cat in the Hat (Beginner Books B-1),16.26,2,Childrens,In stock,1,the-cat-in-the-hat-beginner-books-b-1_235/index.html
Red: The True Story of Red Riding Hood,28.54,3,Childrens,In stock,1,red-the-true-story-of-red-riding-hood_210/index.html
Horrible Bear!,37.52,2,Childrens,In stock,1,horrible-bear_168/index.html
Green Eggs and Ham (Beginner Books B-16),10.79,4,Childrens,In stock,1,green-eggs-and-ham-beginner-books-b-16_165/index.html
Counting Thyme,10.62,1,Childrens,In stock,1,counting-thyme_142/index.html
"Don't Be a Jerk: And Other Practical Advice from Dogen, Japan's Greatest Zen Master",37.97,2,Religion,In stock,1,dont-be-a-jerk-and-other-practical-advice-from-dogen-japans-greatest-zen-master_890/index.html
You Are What You Love: The Spiritual Power of Habit,21.87,4,Religion,In stock,1,you-are-what-you-love-the-spiritual-power-of-habit_872/index.html
God: The Most Unpleasant Character in All Fiction,30.03,5,Religion,In stock,1,god-the-most-unpleasant-character-in-all-fiction_697/index.html
The Book of Mormon,24.57,3,Religion,In stock,1,the-book-of-mormon_571/index.html
"A History of God: The 4,000-Year Quest of Judaism, Christianity, and Islam",27.62,1,Religion,In stock,1,a-history-of-god-the-4000-year-quest-of-judaism-christianity-and-islam_310/index.html
The Bhagavad Gita,57.49,3,Religion,In stock,1,the-bhagavad-gita_60/index.html
Choosing Our Religion: The Spiritual Lives of America's Nones,28.42,4,Religion,In stock,1,choosing-our-religion-the-spiritual-lives-of-americas-nones_14/index.html
Worlds Elsewhere: Journeys Around Shakespeareâs Globe,40.3,5,Nonfiction,In stock,1,worlds-elsewhere-journeys-around-shakespeares-globe_972/index.html
The Five Love Languages: How to Express Heartfelt Commitment to Your Mate,31.05,3,Nonfiction,In stock,1,the-five-love-languages-how-to-express-heartfelt-commitment-to-your-mate_969/index.html
Reasons to Stay Alive,26.41,2,Nonfiction,In stock,1,reasons-to-stay-alive_959/index.html
#HigherSelfie: Wake Up Your Life. Free Your Soul. Find Your Tribe.,23.11,5,Nonfiction,In stock,1,higherselfie-wake-up-your-life-free-your-soul-find-your-tribe_957/index.html
"Unseen City: The Majesty of Pigeons, the Discreet Charm of Snails & Other Wonders of the Urban Wilderness",44.18,4,Nonfiction,In stock,1,unseen-city-the-majesty-of-pigeons-the-discreet-charm-of-snails-other-wonders-of-the-urban-wilderness_952/index.html
Throwing Rocks at the Google Bus: How Growth Became the Enemy of Prosperity,31.12,3,Nonfiction,In stock,1,throwing-rocks-at-the-google-bus-how-growth-became-the-enemy-of-prosperity_948/index.html
The Life-Changing Magic of Tidying Up: The Japanese Art of Decluttering and Organizing,16.77,3,Nonfiction,In stock,1,the-life-changing-magic-of-tidying-up-the-japanese-art-of-decluttering-and-organizing_936/index.html
The Gutsy Girl: Escapades for Your Life of Epic Adventure,37.13,1,Nonfiction,In stock,1,the-gutsy-girl-escapades-for-your-life-of-epic-adventure_934/index.html
The Electric Pencil: Drawings from Inside State Hospital No. 3,56.06,1,Nonfiction,In stock,1,the-electric-pencil-drawings-from-inside-state-hospital-no-3_933/index.html
Spark Joy: An Illustrated Master Class on the Art of Organizing and Tidying Up,41.83,4,Nonfiction,In stock,1,spark-joy-an-illustrated-master-class-on-the-art-of-organizing-and-tidying-up_927/index.html
Reskilling America: Learning to Labor in the Twenty-First Century,19.83,2,Nonfiction,In stock,1,reskilling-america-learning-to-labor-in-the-twenty-first-century_922/index.html
In the Country We Love: My Family Divided,22.0,4,Nonfiction,In stock,1,in-the-country-we-love-my-family-divided_901/index.html
Everydata: The Misinformation Hidden in the Little Data You Consume Every Day,54.35,2,Nonfiction,In stock,1,everydata-the-misinformation-hidden-in-the-little-data-you-consume-every-day_891/index.html
Call the Nurse: True Stories of a Country Nurse on a Scottish Isle,29.14,5,Nonfiction,In stock,1,call-the-nurse-true-stories-of-a-country-nurse-on-a-scottish-isle_885/index.html
Algorithms to Live By: The Computer Science of Human Decisions,30.81,1,Nonfiction,In stock,1,algorithms-to-live-by-the-computer-science-of-human-decisions_880/index.html
The Power of Now: A Guide to Spiritual Enlightenment,43.54,2,Nonfiction,In stock,1,the-power-of-now-a-guide-to-spiritual-enlightenment_855/index.html
The Omnivore's Dilemma: A Natural History of Four Meals,38.21,2,Nonfiction,In stock,1,the-omnivores-dilemma-a-natural-history-of-four-meals_854/index.html
The Genius of Birds,17.24,1,Nonfiction,In stock,1,the-genius-of-birds_843/index.html
The Artist's Way: A Spiritual Path to Higher Creativity,38.49,5,Nonfiction,In stock,1,the-artists-way-a-spiritual-path-to-higher-creativity_839/index.html
So You've Been Publicly Shamed,12.23,2,Nonfiction,In stock,1,so-youve-been-publicly-shamed_832/index.html
"Daring Greatly: How the Courage to Be Vulnerable Transforms the Way We Live, Love, Parent, and Lead",19.43,3,Nonfiction,In stock,1,daring-greatly-how-the-courage-to-be-vulnerable-transforms-the-way-we-live-love-parent-and-lead_799/index.html
Big Magic: Creative Living Beyond Fear,30.8,3,Nonfiction,In stock,1,big-magic-creative-living-beyond-fear_796/index.html
Becoming Wise: An Inquiry into the Mystery and Art of Living,27.43,2,Nonfiction,In stock,1,becoming-wise-an-inquiry-into-the-mystery-and-art-of-living_795/index.html
Agnostic: A Spirited Manifesto,12.51,5,Nonfiction,In stock,1,agnostic-a-spirited-manifesto_786/index.html
Whole Lotta Creativity Going On: 60 Fun and Unusual Exercises to Awaken and Strengthen Your Creativity,38.2,4,Nonfiction,In stock,1,whole-lotta-creativity-going-on-60-fun-and-unusual-exercises-to-awaken-and-strengthen-your-creativity_780/index.html
Rip it Up and Start Again,35.02,5,Music,In stock,1,rip-it-up-and-start-again_986/index.html
"Our Band Could Be Your Life: Scenes from the American Indie Underground, 1981-1991",57.25,3,Music,In stock,1,our-band-could-be-your-life-scenes-from-the-american-indie-underground-1981-1991_985/index.html
How Music Works,37.32,2,Music,In stock,1,how-music-works_979/index.html
Love Is a Mix Tape (Music #1),18.03,1,Music,In stock,1,love-is-a-mix-tape-music-1_711/index.html
Please Kill Me: The Uncensored Oral History of Punk,31.19,4,Music,In stock,1,please-kill-me-the-uncensored-oral-history-of-punk_537/index.html
Kill 'Em and Leave: Searching for James Brown and the American Soul,45.05,5,Music,In stock,1,kill-em-and-leave-searching-for-james-brown-and-the-american-soul_528/index.html
"Chronicles, Vol. 1",52.6,2,Music,In stock,1,chronicles-vol-1_462/index.html
This Is Your Brain on Music: The Science of a Human Obsession,38.4,1,Music,In stock,1,this-is-your-brain-on-music-the-science-of-a-human-obsession_414/index.html
"Orchestra of Exiles: The Story of Bronislaw Huberman, the Israel Philharmonic, and the One Thousand Jews He Saved from Nazi Horrors",12.36,3,Music,In stock,1,orchestra-of-exiles-the-story-of-bronislaw-huberman-the-israel-philharmonic-and-the-one-thousand-jews-he-saved-from-nazi-horrors_337/index.html
No One Here Gets Out Alive,20.02,5,Music,In stock,1,no-one-here-gets-out-alive_336/index.html
Life,31.58,5,Music,In stock,1,life_104/index.html
Old Records Never Die: One Man's Quest for His Vinyl and His Past,55.66,2,Music,In stock,1,old-records-never-die-one-mans-quest-for-his-vinyl-and-his-past_39/index.html
Forever Rockers (The Rocker #12),28.8,3,Music,In stock,1,forever-rockers-the-rocker-12_19/index.html
"The Coming Woman: A Novel Based on the Life of the Infamous Feminist, Victoria Woodhull",17.93,3,Default,In stock,1,the-coming-woman-a-novel-based-on-the-life-of-the-infamous-feminist-victoria-woodhull_993/index.html
The Boys in the Boat: Nine Americans and Their Epic Quest for Gold at the 1936 Berlin Olympics,22.6,4,Default,In stock,1,the-boys-in-the-boat-nine-americans-and-their-epic-quest-for-gold-at-the-1936-berlin-olympics_992/index.html
"Starving Hearts (Triangular Trade Trilogy, #1)",13.99,2,Default,In stock,1,starving-hearts-triangular-trade-trilogy-1_990/index.html
America's Cradle of Quarterbacks: Western Pennsylvania's Football Factory from Johnny Unitas to Joe Montana,22.5,3,Default,In stock,1,americas-cradle-of-quarterbacks-western-pennsylvanias-football-factory-from-johnny-unitas-to-joe-montana_974/index.html
Aladdin and His Wonderful Lamp,53.13,3,Default,In stock,1,aladdin-and-his-wonderful-lamp_973/index.html
Penny Maybe,33.29,3,Default,In stock,1,penny-maybe_965/index.html
Maude (1883-1993):She Grew Up with the country,18.02,2,Default,In stock,1,maude-1883-1993she-grew-up-with-the-country_964/index.html
"The Inefficiency Assassin: Time Management Tactics for Working Smarter, Not Longer",20.59,5,Default,In stock,1,the-inefficiency-assassin-time-management-tactics-for-working-smarter-not-longer_935/index.html
Soul Reader,39.58,2,Default,In stock,1,soul-reader_926/index.html
Bossypants,49.46,2,Default,In stock,1,bossypants_883/index.html
A World of Flavor: Your Gluten Free Passport,42.95,1,Default,In stock,1,a-world-of-flavor-your-gluten-free-passport_879/index.html
"A Piece of Sky, a Grain of Rice: A Memoir in Four Meditations",56.76,5,Default,In stock,1,a-piece-of-sky-a-grain-of-rice-a-memoir-in-four-meditations_878/index.html
Tracing Numbers on a Train,41.6,3,Default,In stock,1,tracing-numbers-on-a-train_869/index.html
Thirteen Reasons Why,52.72,1,Default,In stock,1,thirteen-reasons-why_866/index.html
The Secret (The Secret #1),27.37,4,Default,In stock,1,the-secret-the-secret-1_859/index.html
The Psychopath Test: A Journey Through the Madness Industry,36.0,2,Default,In stock,1,the-psychopath-test-a-journey-through-the-madness-industry_857/index.html
The Kite Runner,41.82,4,Default,In stock,1,the-kite-runner_847/index.html
The Girl on the Train,55.02,2,Default,In stock,1,the-girl-on-the-train_844/index.html
The Emerald Mystery,23.15,2,Default,In stock,1,the-emerald-mystery_842/index.html
The Bridge to Consciousness: I'm Writing the Bridge Between Science and Our Old and New Beliefs.,32.0,3,Default,In stock,1,the-bridge-to-consciousness-im-writing-the-bridge-between-science-and-our-old-and-new-beliefs_840/index.html
The Art of War,33.34,5,Default,In stock,1,the-art-of-war_838/index.html
Secrets and Lace (Fatal Hearts #1),20.27,1,Default,In stock,1,secrets-and-lace-fatal-hearts-1_829/index.html
Romero and Juliet: A Tragic Tale of Love and Zombies,36.94,1,Default,In stock,1,romero-and-juliet-a-tragic-tale-of-love-and-zombies_827/index.html
Poses for Artists Volume 1 - Dynamic and Sitting Poses: An Essential Reference for Figure Drawing and the Human Form,41.06,1,Default,In stock,1,poses-for-artists-volume-1-dynamic-and-sitting-poses-an-essential-reference-for-figure-drawing-and-the-human-form_825/index.html
Miss Peregrineâs Home for Peculiar Children (Miss Peregrineâs Peculiar Children #1),10.76,1,Default,In stock,1,miss-peregrines-home-for-peculiar-children-miss-peregrines-peculiar-children-1_819/index.html
Mesaerion: The Best Science Fiction Stories 1800-1849,37.59,1,Science Fiction,In stock,1,mesaerion-the-best-science-fiction-stories-1800-1849_983/index.html
Join,35.67,5,Science Fiction,In stock,1,join_902/index.html
"William Shakespeare's Star Wars: Verily, A New Hope (William Shakespeare's Star Wars #4)",43.3,4,Science Fiction,In stock,1,william-shakespeares-star-wars-verily-a-new-hope-william-shakespeares-star-wars-4_871/index.html
The Project,10.65,1,Science Fiction,In stock,1,the-project_856/index.html
Soft Apocalypse,26.12,2,Science Fiction,In stock,1,soft-apocalypse_833/index.html
Sleeping Giants (Themis Files #1),48.74,1,Science Fiction,In stock,1,sleeping-giants-themis-files-1_604/index.html
Arena,21.36,4,Science Fiction,In stock,1,arena_587/index.html
Foundation (Foundation (Publication Order) #1),32.42,1,Science Fiction,In stock,1,foundation-foundation-publication-order-1_375/index.html
The Restaurant at the End of the Universe (Hitchhiker's Guide to the Galaxy #2),10.92,1,Science Fiction,In stock,1,the-restaurant-at-the-end-of-the-universe-hitchhikers-guide-to-the-galaxy-2_275/index.html
Ready Player One,19.07,4,Science Fiction,In stock,1,ready-player-one_209/index.html
"Life, the Universe and Everything (Hitchhiker's Guide to the Galaxy #3)",33.26,2,Science Fiction,In stock,1,life-the-universe-and-everything-hitchhikers-guide-to-the-galaxy-3_189/index.html
Dune (Dune #1),54.86,1,Science Fiction,In stock,1,dune-dune-1_151/index.html
Do Androids Dream of Electric Sheep? (Blade Runner #1),51.48,1,Science Fiction,In stock,1,do-androids-dream-of-electric-sheep-blade-runner-1_149/index.html
Three Wishes (River of Time: California #1),44.18,2,Science Fiction,In stock,1,three-wishes-river-of-time-california-1_89/index.html
The Last Girl (The Dominion Trilogy #1),36.26,2,Science Fiction,In stock,1,the-last-girl-the-dominion-trilogy-1_70/index.html
Having the Barbarian's Baby (Ice Planet Barbarians #7.5),34.96,4,Science Fiction,In stock,1,having-the-barbarians-baby-ice-planet-barbarians-75_23/index.html
The Book of Basketball: The NBA According to The Sports Guy,44.84,5,Sports and Games,In stock,1,the-book-of-basketball-the-nba-according-to-the-sports-guy_232/index.html
"Friday Night Lights: A Town, a Team, and a Dream",51.22,3,Sports and Games,In stock,1,friday-night-lights-a-town-a-team-and-a-dream_158/index.html
Sugar Rush (Offensive Line #2),24.42,1,Sports and Games,In stock,1,sugar-rush-offensive-line-2_108/index.html
Settling the Score (The Summer Games #1),44.91,2,Sports and Games,In stock,1,settling-the-score-the-summer-games-1_50/index.html
Icing (Aces Hockey #2),40.44,4,Sports and Games,In stock,1,icing-aces-hockey-2_25/index.html
The Torch Is Passed: A Harding Family Story,19.09,1,Add a comment,In stock,1,the-torch-is-passed-a-harding-family-story_945/index.html
"The Mindfulness and Acceptance Workbook for Anxiety: A Guide to Breaking Free from Anxiety, Phobias, and Worry Using Acceptance and Commitment Therapy",23.89,4,Add a comment,In stock,1,the-mindfulness-and-acceptance-workbook-for-anxiety-a-guide-to-breaking-free-from-anxiety-phobias-and-worry-using-acceptance-and-commitment-therapy_937/index.html
The Art Forger,40.76,3,Add a comment,In stock,1,the-art-forger_930/index.html
On a Midnight Clear,14.07,3,Add a comment,In stock,1,on-a-midnight-clear_912/index.html
Judo: Seven Steps to Black Belt (an Introductory Guide for Beginners),53.9,2,Add a comment,In stock,1,judo-seven-steps-to-black-belt-an-introductory-guide-for-beginners_903/index.html
"Shobu Samurai, Project Aryoku (#3)",29.06,3,Add a comment,In stock,1,shobu-samurai-project-aryoku-3_830/index.html
Modern Romance,28.26,5,Add a comment,In stock,1,modern-romance_820/index.html
The White Queen (The Cousins' War #1),25.91,5,Add a comment,In stock,1,the-white-queen-the-cousins-war-1_768/index.html
The Song of Achilles,37.4,5,Add a comment,In stock,1,the-song-of-achilles_762/index.html
The Immortal Life of Henrietta Lacks,40.67,2,Add a comment,In stock,1,the-immortal-life-of-henrietta-lacks_753/index.html
The Dovekeepers,48.78,1,Add a comment,In stock,1,the-dovekeepers_748/index.html
More Than Music (Chasing the Dream #1),37.61,2,Add a comment,In stock,1,more-than-music-chasing-the-dream-1_716/index.html
Code Name Verity (Code Name Verity #1),22.13,4,Add a comment,In stock,1,code-name-verity-code-name-verity-1_680/index.html
Cell,20.29,4,Add a comment,In stock,1,cell_674/index.html
Angels Walking (Angels Walking #1),34.2,2,Add a comment,In stock,1,angels-walking-angels-walking-1_662/index.html
"A Series of Catastrophes and Miracles: A True Story of Love, Science, and Cancer",56.48,2,Add a comment,In stock,1,a-series-of-catastrophes-and-miracles-a-true-story-of-love-science-and-cancer_655/index.html
A People's History of the United States,40.79,2,Add a comment,In stock,1,a-peoples-history-of-the-united-states_654/index.html
A Brush of Wings (Angels Walking #3),55.51,1,Add a comment,In stock,1,a-brush-of-wings-angels-walking-3_651/index.html
Rook,37.86,4,Add a comment,In stock,1,rook_647/index.html
The Midnight Watch: A Novel of the Titanic and the Californian,26.2,1,Add a comment,In stock,1,the-midnight-watch-a-novel-of-the-titanic-and-the-californian_640/index.html
The Gray Rhino: How to Recognize and Act on the Obvious Dangers We Ignore,59.15,4,Add a comment,In stock,1,the-gray-rhino-how-to-recognize-and-act-on-the-obvious-dangers-we-ignore_638/index.html
The Children,11.88,3,Add a comment,In stock,1,the-children_633/index.html
One with You (Crossfire #5),15.71,4,Add a comment,In stock,1,one-with-you-crossfire-5_626/index.html
Without Shame,48.27,5,Add a comment,In stock,1,without-shame_580/index.html
Watchmen,58.05,4,Add a comment,In stock,1,watchmen_579/index.html
Unicorn Tracks,18.78,3,Fantasy,In stock,1,unicorn-tracks_951/index.html
"Saga, Volume 6 (Saga (Collected Editions) #6)",25.02,3,Fantasy,In stock,1,saga-volume-6-saga-collected-editions-6_924/index.html
Princess Between Worlds (Wide-Awake Princess #5),13.34,5,Fantasy,In stock,1,princess-between-worlds-wide-awake-princess-5_919/index.html
Masks and Shadows,56.4,2,Fantasy,In stock,1,masks-and-shadows_909/index.html
Crown of Midnight (Throne of Glass #2),43.29,3,Fantasy,In stock,1,crown-of-midnight-throne-of-glass-2_888/index.html
"Avatar: The Last Airbender: Smoke and Shadow, Part 3 (Smoke and Shadow #3)",28.09,2,Fantasy,In stock,1,avatar-the-last-airbender-smoke-and-shadow-part-3-smoke-and-shadow-3_881/index.html
A Court of Thorns and Roses (A Court of Thorns and Roses #1),52.37,1,Fantasy,In stock,1,a-court-of-thorns-and-roses-a-court-of-thorns-and-roses-1_874/index.html
Throne of Glass (Throne of Glass #1),35.07,3,Fantasy,In stock,1,throne-of-glass-throne-of-glass-1_868/index.html
The Glittering Court (The Glittering Court #1),44.28,1,Fantasy,In stock,1,the-glittering-court-the-glittering-court-1_845/index.html
Hollow City (Miss Peregrineâs Peculiar Children #2),42.98,1,Fantasy,In stock,1,hollow-city-miss-peregrines-peculiar-children-2_813/index.html
The Star-Touched Queen,46.02,5,Fantasy,In stock,1,the-star-touched-queen_764/index.html
The Hidden Oracle (The Trials of Apollo #1),52.26,2,Fantasy,In stock,1,the-hidden-oracle-the-trials-of-apollo-1_752/index.html
The Bane Chronicles (The Bane Chronicles #1-11),44.73,4,Fantasy,In stock,1,the-bane-chronicles-the-bane-chronicles-1-11_746/index.html
Island of Dragons (Unwanteds #7),29.65,1,Fantasy,In stock,1,island-of-dragons-unwanteds-7_705/index.html
Demigods & Magicians: Percy and Annabeth Meet the Kanes (Percy Jackson & Kane Chronicles Crossover #1-3),37.51,5,Fantasy,In stock,1,demigods-magicians-percy-and-annabeth-meet-the-kanes-percy-jackson-kane-chronicles-crossover-1-3_685/index.html
City of Glass (The Mortal Instruments #3),56.02,4,Fantasy,In stock,1,city-of-glass-the-mortal-instruments-3_678/index.html
Searching for Meaning in Gailana,38.73,1,Fantasy,In stock,1,searching-for-meaning-in-gailana_648/index.html
The Star-Touched Queen,32.3,5,Fantasy,In stock,1,the-star-touched-queen_642/index.html
A Shard of Ice (The Black Symphony Saga #1),56.63,3,Fantasy,In stock,1,a-shard-of-ice-the-black-symphony-saga-1_558/index.html
King's Folly (The Kinsman Chronicles #1),39.61,5,Fantasy,In stock,1,kings-folly-the-kinsman-chronicles-1_473/index.html
Every Heart a Doorway (Every Heart A Doorway #1),12.16,5,Fantasy,In stock,1,every-heart-a-doorway-every-heart-a-doorway-1_465/index.html
A Gathering of Shadows (Shades of Magic #2),44.81,4,Fantasy,In stock,1,a-gathering-of-shadows-shades-of-magic-2_456/index.html
The Raven Boys (The Raven Cycle #1),57.74,4,Fantasy,In stock,1,the-raven-boys-the-raven-cycle-1_411/index.html
The False Prince (The Ascendance Trilogy #1),56.0,5,Fantasy,In stock,1,the-false-prince-the-ascendance-trilogy-1_402/index.html
Tell the Wind and Fire,45.51,3,Fantasy,In stock,1,tell-the-wind-and-fire_396/index.html
Without Borders (Wanderlove #1),45.07,2,New Adult,In stock,1,without-borders-wanderlove-1_956/index.html
The Mistake (Off-Campus #2),43.29,3,New Adult,In stock,1,the-mistake-off-campus-2_851/index.html
The Matchmaker's Playbook (Wingmen Inc. #1),55.85,1,New Adult,In stock,1,the-matchmakers-playbook-wingmen-inc-1_850/index.html
The Hook Up (Game On #1),36.29,5,New Adult,In stock,1,the-hook-up-game-on-1_68/index.html
Shameless,58.35,3,New Adult,In stock,1,shameless_52/index.html
Off Sides (Off #1),39.45,5,New Adult,In stock,1,off-sides-off-1_38/index.html
The Requiem Red,22.65,1,Young Adult,In stock,1,the-requiem-red_995/index.html
Set Me Free,17.46,5,Young Adult,In stock,1,set-me-free_988/index.html
The Natural History of Us (The Fine Art of Pretending #2),45.22,3,Young Adult,In stock,1,the-natural-history-of-us-the-fine-art-of-pretending-2_941/index.html
Obsidian (Lux #1),14.86,2,Young Adult,In stock,1,obsidian-lux-1_911/index.html
Burning,28.81,3,Young Adult,In stock,1,burning_884/index.html
A Fierce and Subtle Poison,28.13,4,Young Adult,In stock,1,a-fierce-and-subtle-poison_875/index.html
Scarlett Epstein Hates It Here,43.55,5,Young Adult,In stock,1,scarlett-epstein-hates-it-here_828/index.html
"Nightingale, Sing",38.28,1,Young Adult,In stock,1,nightingale-sing_823/index.html
Library of Souls (Miss Peregrineâs Peculiar Children #3),48.56,5,Young Adult,In stock,1,library-of-souls-miss-peregrines-peculiar-children-3_816/index.html
Frostbite (Vampire Academy #2),29.99,5,Young Adult,In stock,1,frostbite-vampire-academy-2_810/index.html
Wild Swans,14.36,2,Young Adult,In stock,1,wild-swans_782/index.html
Until Friday Night (The Field Party #1),46.31,2,Young Adult,In stock,1,until-friday-night-the-field-party-1_775/index.html
This Is Where It Ends,27.12,2,Young Adult,In stock,1,this-is-where-it-ends_771/index.html
The Darkest Lie,35.35,5,Young Adult,In stock,1,the-darkest-lie_747/index.html
My Kind of Crazy,40.36,1,Young Adult,In stock,1,my-kind-of-crazy_718/index.html
Don't Get Caught,55.35,1,Young Adult,In stock,1,dont-get-caught_687/index.html
Catching Jordan (Hundred Oaks),50.83,3,Young Adult,In stock,1,catching-jordan-hundred-oaks_673/index.html
Aristotle and Dante Discover the Secrets of the Universe (Aristotle and Dante Discover the Secrets of the Universe #1),58.14,4,Young Adult,In stock,1,aristotle-and-dante-discover-the-secrets-of-the-universe-aristotle-and-dante-discover-the-secrets-of-the-universe-1_663/index.html
The Epidemic (The Program 0.6),14.44,5,Young Adult,In stock,1,the-epidemic-the-program-06_636/index.html
Stars Above (The Lunar Chronicles #4.5),48.05,2,Young Adult,In stock,1,stars-above-the-lunar-chronicles-45_632/index.html
No Love Allowed (Dodge Cove #1),54.65,4,Young Adult,In stock,1,no-love-allowed-dodge-cove-1_625/index.html
"Exit, Pursued by a Bear",51.34,4,Young Adult,In stock,1,exit-pursued-by-a-bear_591/index.html
The Alien Club,54.4,1,Young Adult,In stock,1,the-alien-club_569/index.html
Don't Forget Steven,33.23,1,Young Adult,In stock,1,dont-forget-steven_561/index.html
South of Sunshine,28.93,1,Young Adult,In stock,1,south-of-sunshine_544/index.html
The Most Perfect Thing: Inside (and Outside) a Bird's Egg,42.96,4,Science,In stock,1,the-most-perfect-thing-inside-and-outside-a-birds-egg_938/index.html
Immunity: How Elie Metchnikoff Changed the Course of Modern Medicine,57.36,5,Science,In stock,1,immunity-how-elie-metchnikoff-changed-the-course-of-modern-medicine_900/index.html
Sorting the Beef from the Bull: The Science of Food Fraud Forensics,44.74,4,Science,In stock,1,sorting-the-beef-from-the-bull-the-science-of-food-fraud-forensics_736/index.html
Tipping Point for Planet Earth: How Close Are We to the Edge?,37.55,1,Science,In stock,1,tipping-point-for-planet-earth-how-close-are-we-to-the-edge_643/index.html
"The Fabric of the Cosmos: Space, Time, and the Texture of Reality",55.91,1,Science,In stock,1,the-fabric-of-the-cosmos-space-time-and-the-texture-of-reality_572/index.html
Diary of a Citizen Scientist: Chasing Tiger Beetles and Other New Ways of Engaging the World,28.41,1,Science,In stock,1,diary-of-a-citizen-scientist-chasing-tiger-beetles-and-other-new-ways-of-engaging-the-world_517/index.html
The Origin of Species,10.01,4,Science,In stock,1,the-origin-of-species_499/index.html
The Grand Design,13.76,3,Science,In stock,1,the-grand-design_405/index.html
Peak: Secrets from the New Science of Expertise,16.28,2,Science,In stock,1,peak-secrets-from-the-new-science-of-expertise_389/index.html
"The Elegant Universe: Superstrings, Hidden Dimensions, and the Quest for the Ultimate Theory",13.03,4,Science,In stock,1,the-elegant-universe-superstrings-hidden-dimensions-and-the-quest-for-the-ultimate-theory_245/index.html
"The Disappearing Spoon: And Other True Tales of Madness, Love, and the History of the World from the Periodic Table of the Elements",57.35,5,Science,In stock,1,the-disappearing-spoon-and-other-true-tales-of-madness-love-and-the-history-of-the-world-from-the-periodic-table-of-the-elements_244/index.html
"Surely You're Joking, Mr. Feynman!: Adventures of a Curious Character",25.83,2,Science,In stock,1,surely-youre-joking-mr-feynman-adventures-of-a-curious-character_227/index.html
Seven Brief Lessons on Physics,30.6,4,Science,In stock,1,seven-brief-lessons-on-physics_219/index.html
The Selfish Gene,29.45,1,Science,In stock,1,the-selfish-gene_81/index.html
A Light in the Attic,51.77,3,Poetry,In stock,1,a-light-in-the-attic_1000/index.html
The Black Maria,52.15,1,Poetry,In stock,1,the-black-maria_991/index.html
Shakespeare's Sonnets,20.66,4,Poetry,In stock,1,shakespeares-sonnets_989/index.html
Olio,23.88,1,Poetry,In stock,1,olio_984/index.html
You can't bury them all: Poems,33.63,2,Poetry,In stock,1,you-cant-bury-them-all-poems_961/index.html
Slow States of Collapse: Poems,57.31,3,Poetry,In stock,1,slow-states-of-collapse-poems_960/index.html
Untitled Collection: Sabbath Poems 2014,14.27,4,Poetry,In stock,1,untitled-collection-sabbath-poems-2014_953/index.html
Poems That Make Grown Women Cry,14.19,4,Poetry,In stock,1,poems-that-make-grown-women-cry_824/index.html
Night Sky with Exit Wounds,41.05,1,Poetry,In stock,1,night-sky-with-exit-wounds_822/index.html
salt.,46.78,4,Poetry,In stock,1,salt_731/index.html
"Quarter Life Poetry: Poems for the Young, Broke and Hangry",50.89,5,Poetry,In stock,1,quarter-life-poetry-poems-for-the-young-broke-and-hangry_727/index.html
Out of Print: City Lights Spotlight No. 14,53.64,5,Poetry,In stock,1,out-of-print-city-lights-spotlight-no-14_536/index.html
Les Fleurs du Mal,29.04,5,Poetry,In stock,1,les-fleurs-du-mal_530/index.html
Howl and Other Poems,40.45,2,Poetry,In stock,1,howl-and-other-poems_522/index.html
Leave This Song Behind: Teen Poetry at Its Best,51.17,5,Poetry,In stock,1,leave-this-song-behind-teen-poetry-at-its-best_474/index.html
The Collected Poems of W.B. Yeats (The Collected Works of W.B. Yeats #1),15.42,5,Poetry,In stock,1,the-collected-poems-of-wb-yeats-the-collected-works-of-wb-yeats-1_441/index.html
The Crossover,38.77,4,Poetry,In stock,1,the-crossover_398/index.html
Booked,17.49,5,Poetry,In stock,1,booked_365/index.html
Twenty Love Poems and a Song of Despair,30.95,4,Poetry,In stock,1,twenty-love-poems-and-a-song-of-despair_91/index.html
"Vampire Knight, Vol. 1 (Vampire Knight #1)",15.4,1,Paranormal,In stock,1,vampire-knight-vol-1-vampire-knight-1_93/index.html
Wall and Piece,44.18,4,Art,In stock,1,wall-and-piece_971/index.html
Feathers: Displays of Brilliant Plumage,49.05,3,Art,In stock,1,feathers-displays-of-brilliant-plumage_695/index.html
Art and Fear: Observations on the Perils (and Rewards) of Artmaking,48.63,4,Art,In stock,1,art-and-fear-observations-on-the-perils-and-rewards-of-artmaking_559/index.html
The New Drawing on the Right Side of the Brain,43.02,3,Art,In stock,1,the-new-drawing-on-the-right-side-of-the-brain_550/index.html
History of Beauty,10.29,4,Art,In stock,1,history-of-beauty_521/index.html
The Story of Art,41.14,4,Art,In stock,1,the-story-of-art_500/index.html
The Art Book,32.34,2,Art,In stock,1,the-art-book_490/index.html
Ways of Seeing,39.51,5,Art,In stock,1,ways-of-seeing_94/index.html
The Lucifer Effect: Understanding How Good People Turn Evil,10.4,1,Psychology,In stock,1,the-lucifer-effect-understanding-how-good-people-turn-evil_758/index.html
The Golden Condom: And Other Essays on Love Lost and Found,39.43,1,Psychology,In stock,1,the-golden-condom-and-other-essays-on-love-lost-and-found_637/index.html
It Didn't Start with You: How Inherited Family Trauma Shapes Who We Are and How to End the Cycle,56.27,3,Psychology,In stock,1,it-didnt-start-with-you-how-inherited-family-trauma-shapes-who-we-are-and-how-to-end-the-cycle_593/index.html
An Unquiet Mind: A Memoir of Moods and Madness,21.3,3,Psychology,In stock,1,an-unquiet-mind-a-memoir-of-moods-and-madness_422/index.html
"Thinking, Fast and Slow",21.14,1,Psychology,In stock,1,thinking-fast-and-slow_289/index.html
Civilization and Its Discontents,59.95,2,Psychology,In stock,1,civilization-and-its-discontents_140/index.html
8 Keys to Mental Health Through Exercise,31.04,1,Psychology,In stock,1,8-keys-to-mental-health-through-exercise_114/index.html
The Argonauts,10.93,2,Autobiography,In stock,1,the-argonauts_837/index.html
M Train,27.18,1,Autobiography,In stock,1,m-train_598/index.html
Lab Girl,40.85,1,Autobiography,In stock,1,lab-girl_595/index.html
Approval Junkie: Adventures in Caring Too Much,58.81,5,Autobiography,In stock,1,approval-junkie-adventures-in-caring-too-much_363/index.html
Running with Scissors,12.91,4,Autobiography,In stock,1,running-with-scissors_215/index.html
Me Talk Pretty One Day,57.6,2,Autobiography,In stock,1,me-talk-pretty-one-day_193/index.html
Lust & Wonder,11.87,2,Autobiography,In stock,1,lust-wonder_191/index.html
Life Without a Recipe,59.04,5,Autobiography,In stock,1,life-without-a-recipe_188/index.html
A Heartbreaking Work of Staggering Genius,54.29,5,Autobiography,In stock,1,a-heartbreaking-work-of-staggering-genius_115/index.html
Catastrophic Happiness: Finding Joy in Childhood's Messy Years,37.35,2,Parenting,In stock,1,catastrophic-happiness-finding-joy-in-childhoods-messy-years_138/index.html
Fifty Shades Freed (Fifty Shades #3),15.36,5,Adult Fiction,In stock,1,fifty-shades-freed-fifty-shades-3_156/index.html
The Long Haul (Diary of a Wimpy Kid #9),44.07,1,Humor,In stock,1,the-long-haul-diary-of-a-wimpy-kid-9_757/index.html
Old School (Diary of a Wimpy Kid #10),11.83,5,Humor,In stock,1,old-school-diary-of-a-wimpy-kid-10_723/index.html
I Know What I'm Doing -- and Other Lies I Tell Myself: Dispatches from a Life Under Construction,25.98,4,Humor,In stock,1,i-know-what-im-doing-and-other-lies-i-tell-myself-dispatches-from-a-life-under-construction_704/index.html
"Hyperbole and a Half: Unfortunate Situations, Flawed Coping Mechanisms, Mayhem, and Other Things That Happened",14.75,5,Humor,In stock,1,hyperbole-and-a-half-unfortunate-situations-flawed-coping-mechanisms-mayhem-and-other-things-that-happened_702/index.html
Dress Your Family in Corduroy and Denim,43.68,3,Humor,In stock,1,dress-your-family-in-corduroy-and-denim_562/index.html
Toddlers Are A**holes: It's Not Your Fault,25.55,1,Humor,In stock,1,toddlers-are-aholes-its-not-your-fault_503/index.html
When You Are Engulfed in Flames,30.89,5,Humor,In stock,1,when-you-are-engulfed-in-flames_303/index.html
Naked,31.69,3,Humor,In stock,1,naked_197/index.html
"Lamb: The Gospel According to Biff, Christ's Childhood Pal",55.5,5,Humor,In stock,1,lamb-the-gospel-according-to-biff-christs-childhood-pal_182/index.html
Holidays on Ice,51.07,2,Humor,In stock,1,holidays-on-ice_167/index.html
Security,39.25,2,Horror,In stock,1,security_925/index.html
Follow You Home,21.36,1,Horror,In stock,1,follow-you-home_809/index.html
The Loney,23.4,1,Horror,In stock,1,the-loney_756/index.html
Pet Sematary,10.56,3,Horror,In stock,1,pet-sematary_726/index.html
Doctor Sleep (The Shining #2),40.12,2,Horror,In stock,1,doctor-sleep-the-shining-2_686/index.html
Psycho: Sanitarium (Psycho #1.5),36.97,5,Horror,In stock,1,psycho-sanitarium-psycho-15_628/index.html
Can You Keep a Secret? (Fear Street Relaunch #4),48.64,1,Horror,In stock,1,can-you-keep-a-secret-fear-street-relaunch-4_614/index.html
Red Dragon (Hannibal Lecter #1),23.37,3,Horror,In stock,1,red-dragon-hannibal-lecter-1_390/index.html
Dracula the Un-Dead,35.63,5,Horror,In stock,1,dracula-the-un-dead_370/index.html
Night Shift (Night Shift #1-20),12.75,4,Horror,In stock,1,night-shift-night-shift-1-20_335/index.html
Needful Things,47.51,4,Horror,In stock,1,needful-things_334/index.html
Misery,34.79,2,Horror,In stock,1,misery_332/index.html
It,25.01,3,Horror,In stock,1,it_330/index.html
'Salem's Lot,49.56,4,Horror,In stock,1,salems-lot_309/index.html
The Stand,57.86,2,Horror,In stock,1,the-stand_282/index.html
The Girl with All the Gifts,49.47,3,Horror,In stock,1,the-girl-with-all-the-gifts_250/index.html
House of Leaves,54.89,1,Horror,In stock,1,house-of-leaves_169/index.html
Sapiens: A Brief History of Humankind,54.23,5,History,In stock,1,sapiens-a-brief-history-of-humankind_996/index.html
"Unbound: How Eight Technologies Made Us Human, Transformed Society, and Brought Our World to the Brink",25.52,1,History,In stock,1,unbound-how-eight-technologies-made-us-human-transformed-society-and-brought-our-world-to-the-brink_950/index.html
The Age of Genius: The Seventeenth Century and the Birth of the Modern Mind,19.73,1,History,In stock,1,the-age-of-genius-the-seventeenth-century-and-the-birth-of-the-modern-mind_929/index.html
"Political Suicide: Missteps, Peccadilloes, Bad Calls, Backroom Hijinx, Sordid Pasts, Rotten Breaks, and Just Plain Dumb Mistakes in the Annals of American Politics",36.28,2,History,In stock,1,political-suicide-missteps-peccadilloes-bad-calls-backroom-hijinx-sordid-pasts-rotten-breaks-and-just-plain-dumb-mistakes-in-the-annals-of-american-politics_917/index.html
Thomas Jefferson and the Tripoli Pirates: The Forgotten War That Changed American History,59.64,1,History,In stock,1,thomas-jefferson-and-the-tripoli-pirates-the-forgotten-war-that-changed-american-history_867/index.html
Zealot: The Life and Times of Jesus of Nazareth,24.7,3,History,In stock,1,zealot-the-life-and-times-of-jesus-of-nazareth_785/index.html
A Distant Mirror: The Calamitous 14th Century,14.58,3,History,In stock,1,a-distant-mirror-the-calamitous-14th-century_652/index.html
1491: New Revelations of the Americas Before Columbus,21.8,3,History,In stock,1,1491-new-revelations-of-the-americas-before-columbus_650/index.html
Brilliant Beacons: A History of the American Lighthouse,11.45,3,History,In stock,1,brilliant-beacons-a-history-of-the-american-lighthouse_515/index.html
"""Most Blessed of the Patriarchs"": Thomas Jefferson and the Empire of the Imagination",44.48,5,History,In stock,1,most-blessed-of-the-patriarchs-thomas-jefferson-and-the-empire-of-the-imagination_509/index.html
A Short History of Nearly Everything,52.4,5,History,In stock,1,a-short-history-of-nearly-everything_457/index.html
The Rise and Fall of the Third Reich: A History of Nazi Germany,39.67,2,History,In stock,1,the-rise-and-fall-of-the-third-reich-a-history-of-nazi-germany_454/index.html
Catherine the Great: Portrait of a Woman,58.55,4,History,In stock,1,catherine-the-great-portrait-of-a-woman_424/index.html
The Mathews Men: Seven Brothers and the War Against Hitler's U-boats,42.91,5,History,In stock,1,the-mathews-men-seven-brothers-and-the-war-against-hitlers-u-boats_408/index.html
The Hiding Place,55.91,4,History,In stock,1,the-hiding-place_406/index.html
America's War for the Greater Middle East: A Military History,51.22,2,History,In stock,1,americas-war-for-the-greater-middle-east-a-military-history_361/index.html
The Guns of August,14.54,2,History,In stock,1,the-guns-of-august_254/index.html
"House of Lost Worlds: Dinosaurs, Dynasties, and the Story of Life on Earth",43.7,2,History,In stock,1,house-of-lost-worlds-dinosaurs-dynasties-and-the-story-of-life-on-earth_170/index.html
"Foolproof Preserving: A Guide to Small Batch Jams, Jellies, Pickles, Condiments, and More: A Foolproof Guide to Making Small Batch Jams, Jellies, Pickles, Condiments, and More",30.52,3,Food and Drink,In stock,1,foolproof-preserving-a-guide-to-small-batch-jams-jellies-pickles-condiments-and-more-a-foolproof-guide-to-making-small-batch-jams-jellies-pickles-condiments-and-more_978/index.html
"The Pioneer Woman Cooks: Dinnertime: Comfort Classics, Freezer Food, 16-Minute Meals, and Other Delicious Ways to Solve Supper!",56.41,1,Food and Drink,In stock,1,the-pioneer-woman-cooks-dinnertime-comfort-classics-freezer-food-16-minute-meals-and-other-delicious-ways-to-solve-supper_943/index.html
My Paris Kitchen: Recipes and Stories,33.37,2,Food and Drink,In stock,1,my-paris-kitchen-recipes-and-stories_910/index.html
"Mama Tried: Traditional Italian Cooking for the Screwed, Crude, Vegan, and Tattooed",14.02,4,Food and Drink,In stock,1,mama-tried-traditional-italian-cooking-for-the-screwed-crude-vegan-and-tattooed_908/index.html
"Layered: Baking, Building, and Styling Spectacular Cakes",40.11,1,Food and Drink,In stock,1,layered-baking-building-and-styling-spectacular-cakes_904/index.html
The Nerdy Nummies Cookbook: Sweet Treats for the Geek in All of Us,37.34,5,Food and Drink,In stock,1,the-nerdy-nummies-cookbook-sweet-treats-for-the-geek-in-all-of-us_853/index.html
The Love and Lemons Cookbook: An Apple-to-Zucchini Celebration of Impromptu Cooking,37.6,2,Food and Drink,In stock,1,the-love-and-lemons-cookbook-an-apple-to-zucchini-celebration-of-impromptu-cooking_849/index.html
The Cookies & Cups Cookbook: 125+ sweet & savory recipes reminding you to Always Eat Dessert First,41.25,1,Food and Drink,In stock,1,the-cookies-cups-cookbook-125-sweet-savory-recipes-reminding-you-to-always-eat-dessert-first_841/index.html
"Deliciously Ella Every Day: Quick and Easy Recipes for Gluten-Free Snacks, Packed Lunches, and Simple Meals",42.16,3,Food and Drink,In stock,1,deliciously-ella-every-day-quick-and-easy-recipes-for-gluten-free-snacks-packed-lunches-and-simple-meals_801/index.html
The Help Yourself Cookbook for Kids: 60 Easy Plant-Based Recipes Kids Can Make to Stay Healthy and Save the Earth,28.77,3,Food and Drink,In stock,1,the-help-yourself-cookbook-for-kids-60-easy-plant-based-recipes-kids-can-make-to-stay-healthy-and-save-the-earth_751/index.html
"It's All Easy: Healthy, Delicious Weeknight Meals in under 30 Minutes",19.55,1,Food and Drink,In stock,1,its-all-easy-healthy-delicious-weeknight-meals-in-under-30-minutes_706/index.html
Barefoot Contessa Back to Basics,28.01,1,Food and Drink,In stock,1,barefoot-contessa-back-to-basics_667/index.html
Barefoot Contessa at Home: Everyday Recipes You'll Make Over and Over Again,50.62,5,Food and Drink,In stock,1,barefoot-contessa-at-home-everyday-recipes-youll-make-over-and-over-again_666/index.html
My Kitchen Year: 136 Recipes That Saved My Life,11.53,2,Food and Drink,In stock,1,my-kitchen-year-136-recipes-that-saved-my-life_646/index.html
Everyday Italian: 125 Simple and Delicious Recipes,20.1,5,Food and Drink,In stock,1,everyday-italian-125-simple-and-delicious-recipes_618/index.html
"A la Mode: 120 Recipes in 60 Pairings: Pies, Tarts, Cakes, Crisps, and More Topped with Ice Cream, Gelato, Frozen Custard, and More",38.77,1,Food and Drink,In stock,1,a-la-mode-120-recipes-in-60-pairings-pies-tarts-cakes-crisps-and-more-topped-with-ice-cream-gelato-frozen-custard-and-more_611/index.html
Cravings: Recipes for What You Want to Eat,20.5,3,Food and Drink,In stock,1,cravings-recipes-for-what-you-want-to-eat_589/index.html
"The Moosewood Cookbook: Recipes from Moosewood Restaurant, Ithaca, New York",12.34,4,Food and Drink,In stock,1,the-moosewood-cookbook-recipes-from-moosewood-restaurant-ithaca-new-york_574/index.html
32 Yolks,53.63,2,Food and Drink,In stock,1,32-yolks_510/index.html
"Naturally Lean: 125 Nourishing Gluten-Free, Plant-Based Recipes--All Under 300 Calories",11.38,5,Food and Drink,In stock,1,naturally-lean-125-nourishing-gluten-free-plant-based-recipes-all-under-300-calories_479/index.html
How to Cook Everything Vegetarian: Simple Meatless Recipes for Great Food (How to Cook Everything),46.01,4,Food and Drink,In stock,1,how-to-cook-everything-vegetarian-simple-meatless-recipes-for-great-food-how-to-cook-everything_471/index.html
How to Be a Domestic Goddess: Baking and the Art of Comfort Cooking,28.25,2,Food and Drink,In stock,1,how-to-be-a-domestic-goddess-baking-and-the-art-of-comfort-cooking_470/index.html
The Barefoot Contessa Cookbook,59.92,5,Food and Drink,In stock,1,the-barefoot-contessa-cookbook_440/index.html
Better Homes and Gardens New Cook Book,39.61,3,Food and Drink,In stock,1,better-homes-and-gardens-new-cook-book_423/index.html
The Power Greens Cookbook: 140 Delicious Superfood Recipes,11.05,5,Food and Drink,In stock,1,the-power-greens-cookbook-140-delicious-superfood-recipes_410/index.html
Redeeming Love,20.47,5,Christian Fiction,In stock,1,redeeming-love_826/index.html
Close to You,49.46,4,Christian Fiction,In stock,1,close-to-you_798/index.html
Shadows of the Past (Logan Point #1),39.67,5,Christian Fiction,In stock,1,shadows-of-the-past-logan-point-1_541/index.html
Like Never Before (Walker Family #2),28.77,2,Christian Fiction,In stock,1,like-never-before-walker-family-2_476/index.html
Counted With the Stars (Out from Egypt #1),17.97,5,Christian Fiction,In stock,1,counted-with-the-stars-out-from-egypt-1_463/index.html
If I Run (If I Run #1),49.97,4,Christian Fiction,In stock,1,if-i-run-if-i-run-1_174/index.html
The Dirty Little Secrets of Getting Your Dream Job,33.34,4,Business,In stock,1,the-dirty-little-secrets-of-getting-your-dream-job_994/index.html
The Third Wave: An Entrepreneurâs Vision of the Future,12.61,5,Business,In stock,1,the-third-wave-an-entrepreneurs-vision-of-the-future_862/index.html
The 10% Entrepreneur: Live Your Startup Dream Without Quitting Your Day Job,27.55,3,Business,In stock,1,the-10-entrepreneur-live-your-startup-dream-without-quitting-your-day-job_836/index.html
Shoe Dog: A Memoir by the Creator of NIKE,23.99,2,Business,In stock,1,shoe-dog-a-memoir-by-the-creator-of-nike_831/index.html
Made to Stick: Why Some Ideas Survive and Others Die,38.85,5,Business,In stock,1,made-to-stick-why-some-ideas-survive-and-others-die_715/index.html
Quench Your Own Thirst: Business Lessons Learned Over a Beer or Two,43.14,1,Business,In stock,1,quench-your-own-thirst-business-lessons-learned-over-a-beer-or-two_629/index.html
The Art of Startup Fundraising,21.0,3,Business,In stock,1,the-art-of-startup-fundraising_606/index.html
Born for This: How to Find the Work You Were Meant to Do,21.59,5,Business,In stock,1,born-for-this-how-to-find-the-work-you-were-meant-to-do_588/index.html
The E-Myth Revisited: Why Most Small Businesses Don't Work and What to Do About It,36.91,1,Business,In stock,1,the-e-myth-revisited-why-most-small-businesses-dont-work-and-what-to-do-about-it_545/index.html
"Rich Dad, Poor Dad",51.74,1,Business,In stock,1,rich-dad-poor-dad_483/index.html
The Lean Startup: How Today's Entrepreneurs Use Continuous Innovation to Create Radically Successful Businesses,33.92,3,Business,In stock,1,the-lean-startup-how-todays-entrepreneurs-use-continuous-innovation-to-create-radically-successful-businesses_260/index.html
Rework,44.88,2,Business,In stock,1,rework_212/index.html
Louisa: The Extraordinary Life of Mrs. Adams,16.85,2,Biography,In stock,1,louisa-the-extraordinary-life-of-mrs-adams_818/index.html
"Setting the World on Fire: The Brief, Astonishing Life of St. Catherine of Siena",21.15,2,Biography,In stock,1,setting-the-world-on-fire-the-brief-astonishing-life-of-st-catherine-of-siena_603/index.html
The Faith of Christopher Hitchens: The Restless Soul of the World's Most Notorious Atheist,39.55,1,Biography,In stock,1,the-faith-of-christopher-hitchens-the-restless-soul-of-the-worlds-most-notorious-atheist_495/index.html
Benjamin Franklin: An American Life,48.19,3,Biography,In stock,1,benjamin-franklin-an-american-life_460/index.html
The Rise of Theodore Roosevelt (Theodore Roosevelt #1),42.57,3,Biography,In stock,1,the-rise-of-theodore-roosevelt-theodore-roosevelt-1_276/index.html
In Her Wake,12.84,1,Thriller,In stock,1,in-her-wake_980/index.html
The Elephant Tree,23.82,5,Thriller,In stock,1,the-elephant-tree_968/index.html
Behind Closed Doors,52.22,4,Thriller,In stock,1,behind-closed-doors_962/index.html
You (You #1),43.61,5,Thriller,In stock,1,you-you-1_784/index.html
The Guilty (Will Robie #4),13.82,2,Thriller,In stock,1,the-guilty-will-robie-4_750/index.html
The 14th Colony (Cotton Malone #11),39.24,1,Thriller,In stock,1,the-14th-colony-cotton-malone-11_744/index.html
Give It Back,18.32,2,Thriller,In stock,1,give-it-back_430/index.html
Killing Floor (Jack Reacher #1),31.49,4,Thriller,In stock,1,killing-floor-jack-reacher-1_382/index.html
The Bone Hunters (Lexy Vaughan & Steven Macaulay #2),59.71,3,Thriller,In stock,1,the-bone-hunters-lexy-vaughan-steven-macaulay-2_343/index.html
Far From True (Promise Falls Trilogy #2),34.93,2,Thriller,In stock,1,far-from-true-promise-falls-trilogy-2_320/index.html
The Travelers,15.77,1,Thriller,In stock,1,the-travelers_285/index.html
When We Collided,31.77,1,Contemporary,In stock,1,when-we-collided_955/index.html
Someone Like You (The Harrisons #2),52.79,5,Contemporary,In stock,1,someone-like-you-the-harrisons-2_735/index.html
We Are All Completely Beside Ourselves,24.04,1,Contemporary,In stock,1,we-are-all-completely-beside-ourselves_301/index.html
The Four Agreements: A Practical Guide to Personal Freedom,17.66,5,Spirituality,In stock,1,the-four-agreements-a-practical-guide-to-personal-freedom_970/index.html
The Activist's Tao Te Ching: Ancient Advice for a Modern Revolution,32.24,5,Spirituality,In stock,1,the-activists-tao-te-ching-ancient-advice-for-a-modern-revolution_928/index.html
Chasing Heaven: What Dying Taught Me About Living,37.8,2,Spirituality,In stock,1,chasing-heaven-what-dying-taught-me-about-living_797/index.html
If I Gave You God's Phone Number....: Searching for Spirituality in America,20.91,1,Spirituality,In stock,1,if-i-gave-you-gods-phone-number-searching-for-spirituality-in-america_564/index.html
Unreasonable Hope: Finding Faith in the God Who Brings Purpose to Your Pain,46.33,2,Spirituality,In stock,1,unreasonable-hope-finding-faith-in-the-god-who-brings-purpose-to-your-pain_505/index.html
A New Earth: Awakening to Your Life's Purpose,55.65,5,Spirituality,In stock,1,a-new-earth-awakening-to-your-lifes-purpose_311/index.html
Logan Kade (Fallen Crest High #5.5),13.12,2,Academic,In stock,1,logan-kade-fallen-crest-high-55_384/index.html
Online Marketing for Busy Authors: A Step-By-Step Guide,46.35,1,Self Help,In stock,1,online-marketing-for-busy-authors-a-step-by-step-guide_913/index.html
How to Be Miserable: 40 Strategies You Already Use,46.03,1,Self Help,In stock,1,how-to-be-miserable-40-strategies-you-already-use_897/index.html
"Overload: How to Unplug, Unwind, and Unleash Yourself from the Pressure of Stress",52.15,3,Self Help,In stock,1,overload-how-to-unplug-unwind-and-unleash-yourself-from-the-pressure-of-stress_725/index.html
You Are a Badass: How to Stop Doubting Your Greatness and Start Living an Awesome Life,12.08,3,Self Help,In stock,1,you-are-a-badass-how-to-stop-doubting-your-greatness-and-start-living-an-awesome-life_508/index.html
How to Stop Worrying and Start Living,46.49,5,Self Help,In stock,1,how-to-stop-worrying-and-start-living_431/index.html
All the Light We Cannot See,29.87,5,Historical,In stock,1,all-the-light-we-cannot-see_660/index.html
The Girl You Left Behind (The Girl You Left Behind #1),15.79,1,Historical,In stock,1,the-girl-you-left-behind-the-girl-you-left-behind-1_443/index.html
(Un)Qualified: How God Uses Broken People to Do Big Things,54.0,5,Christian,In stock,1,unqualified-how-god-uses-broken-people-to-do-big-things_873/index.html
Crazy Love: Overwhelmed by a Relentless God,47.72,2,Christian,In stock,1,crazy-love-overwhelmed-by-a-relentless-god_682/index.html
Blue Like Jazz: Nonreligious Thoughts on Christian Spirituality,25.77,1,Christian,In stock,1,blue-like-jazz-nonreligious-thoughts-on-christian-spirituality_461/index.html
Silence in the Dark (Logan Point #4),58.33,3,Suspense,In stock,1,silence-in-the-dark-logan-point-4_542/index.html
The Grownup,35.88,1,Short Stories,In stock,1,the-grownup_546/index.html
Suzie Snowflake: One beautiful flake (a self-esteem story),54.81,5,Novels,In stock,1,suzie-snowflake-one-beautiful-flake-a-self-esteem-story_568/index.html
"The Bulletproof Diet: Lose up to a Pound a Day, Reclaim Energy and Focus, Upgrade Your Life",49.05,3,Health,In stock,1,the-bulletproof-diet-lose-up-to-a-pound-a-day-reclaim-energy-and-focus-upgrade-your-life_931/index.html
"Eat Fat, Get Thin",54.07,2,Health,In stock,1,eat-fat-get-thin_688/index.html
10-Day Green Smoothie Cleanse: Lose Up to 15 Pounds in 10 Days!,49.71,5,Health,In stock,1,10-day-green-smoothie-cleanse-lose-up-to-15-pounds-in-10-days_581/index.html
The Art and Science of Low Carbohydrate Living,52.98,5,Health,In stock,1,the-art-and-science-of-low-carbohydrate-living_570/index.html
Libertarianism for Beginners,51.33,2,Politics,In stock,1,libertarianism-for-beginners_982/index.html
Why the Right Went Wrong: Conservatism--From Goldwater to the Tea Party and Beyond,52.65,4,Politics,In stock,1,why-the-right-went-wrong-conservatism-from-goldwater-to-the-tea-party-and-beyond_781/index.html
Equal Is Unfair: America's Misguided Fight Against Income Inequality,56.86,1,Politics,In stock,1,equal-is-unfair-americas-misguided-fight-against-income-inequality_617/index.html
Amid the Chaos,36.58,1,Cultural,In stock,1,amid-the-chaos_788/index.html
Dark Notes,19.19,5,Erotica,In stock,1,dark-notes_800/index.html
The Long Shadow of Small Ghosts: Murder and Memory in an American City,10.97,1,Crime,In stock,1,the-long-shadow-of-small-ghosts-murder-and-memory-in-an-american-city_848/index.html
